{
	"credit": "by 2m3v",
	"parent": "m3vtg:domino/parent",
	"textures": {
		"0": "m3vtg:item/domino",
		"particle": "m3vtg:item/domino"
	},
	"elements": [
		{
			"from": [3.8, 0, 5.7],
			"to": [7.8, 1, 10.2],
			"rotation": {"angle": 0, "axis": "y", "origin": [8, 0.5, 7.5]},
			"faces": {
				"north": {"uv": [13.75, 0, 16, 2], "rotation": 270, "texture": "#0"},
				"east": {"uv": [13.75, 0, 16, 2], "rotation": 270, "texture": "#0"},
				"south": {"uv": [13.75, 0, 16, 2], "rotation": 270, "texture": "#0"},
				"west": {"uv": [13.75, 0, 16, 2], "rotation": 270, "texture": "#0"},
				"up": {"uv": [0, 6.75, 2.25, 8.75], "rotation": 270, "texture": "#0"},
				"down": {"uv": [13.75, 0, 16, 2], "rotation": 270, "texture": "#0"}
			}
		},
		{
			"from": [7.8, 0, 5.7],
			"to": [12.3, 1, 10.2],
			"rotation": {"angle": 0, "axis": "y", "origin": [11, 0.5, 7.95]},
			"faces": {
				"north": {"uv": [13.75, 0, 16, 2.25], "rotation": 90, "texture": "#0"},
				"east": {"uv": [13.75, 0, 16, 2.25], "rotation": 90, "texture": "#0"},
				"south": {"uv": [13.75, 0, 16, 2.25], "rotation": 90, "texture": "#0"},
				"west": {"uv": [13.75, 0, 16, 2.25], "rotation": 90, "texture": "#0"},
				"up": {"uv": [0.25, 13.75, 2.5, 16], "rotation": 90, "texture": "#0"},
				"down": {"uv": [13.75, 0, 16, 2.25], "rotation": 90, "texture": "#0"}
			}
		}
	],
	"gui_light": "front"
}