{
    "providers": [
        {
            "type": "space",
            "advances": {
                " ": 4
            }
        },
				{
            "type": "bitmap",
            "file": "minecraft:manabottle/bottlefull1.png",
            "ascent": -16,
            "height": 9,
            "chars": ["1"]
		},
						{
            "type": "bitmap",
            "file": "minecraft:manabottle/bottlefull2.png",
            "ascent": -16,
            "height": 9,
            "chars": ["2"]
		},
						{
            "type": "bitmap",
            "file": "minecraft:manabottle/bottlefull3.png",
            "ascent": -16,
            "height": 9,
            "chars": ["3"]
		},
								{
            "type": "bitmap",
            "file": "minecraft:manabottle/bottlefull4.png",
            "ascent": -16,
            "height": 9,
            "chars": ["4"]
		},
								{
            "type": "bitmap",
            "file": "minecraft:manabottle/bottlefull5.png",
            "ascent": -16,
            "height": 9,
            "chars": ["5"]
		},
										{
            "type": "bitmap",
            "file": "minecraft:manabottle/boost.png",
            "ascent": -16,
            "height": 9,
            "chars": ["0"]
		},
												{
            "type": "bitmap",
            "file": "minecraft:manabottle/invisiblefix.png",
            "ascent": -16,
            "height": 9,
            "chars": ["6"]
		},
												{
            "type": "bitmap",
            "file": "minecraft:manabottle/warningmid1.png",
            "ascent": -16,
            "height": 9,
            "chars": ["7"]
		},
												{
            "type": "bitmap",
            "file": "minecraft:manabottle/warning.png",
            "ascent": -16,
            "height": 9,
            "chars": ["8"]
		},
												{
            "type": "bitmap",
            "file": "minecraft:manabottle/invisiblefix.png",
            "ascent": -16,
            "height": 9,
            "chars": ["9"]
		}
    ]
}
