{
	"credit": "Made with Blockbench",
	"textures": {
		"0": "item/item_stand",
		"particle": "item/item_stand"
	},
	"elements": [
		{
			"name": "item_stand_0",
			"from": [5, 6, 7.5],
			"to": [12, 9, 8.5],
			"faces": {
				"north": {"uv": [11, 7, 4, 10], "texture": "#0"},
				"east": {"uv": [10, 7, 11, 10], "texture": "#0"},
				"south": {"uv": [4, 7, 11, 10], "texture": "#0"},
				"west": {"uv": [4, 7, 5, 10], "texture": "#0"},
				"up": {"uv": [4, 7, 11, 8], "texture": "#0"},
				"down": {"uv": [4, 9, 11, 10], "texture": "#0"}
			}
		},
		{
			"name": "item_stand_1",
			"from": [4, 7, 7.5],
			"to": [5, 8, 8.5],
			"faces": {
				"north": {"uv": [4, 8, 3, 9], "texture": "#0"},
				"east": {"uv": [3, 8, 4, 9], "texture": "#0"},
				"south": {"uv": [3, 8, 4, 9], "texture": "#0"},
				"west": {"uv": [3, 8, 4, 9], "texture": "#0"},
				"up": {"uv": [3, 8, 4, 9], "texture": "#0"},
				"down": {"uv": [3, 8, 4, 9], "texture": "#0"}
			}
		},
		{
			"name": "item_stand_2",
			"from": [12, 7, 7.5],
			"to": [13, 8, 8.5],
			"faces": {
				"north": {"uv": [12, 8, 11, 9], "texture": "#0"},
				"east": {"uv": [11, 8, 12, 9], "texture": "#0"},
				"south": {"uv": [11, 8, 12, 9], "texture": "#0"},
				"west": {"uv": [11, 8, 12, 9], "texture": "#0"},
				"up": {"uv": [11, 8, 12, 9], "texture": "#0"},
				"down": {"uv": [11, 8, 12, 9], "texture": "#0"}
			}
		},
		{
			"name": "item_stand_3",
			"from": [7, 0, 7.5],
			"to": [10, 6, 8.5],
			"faces": {
				"north": {"uv": [9, 10, 6, 16], "texture": "#0"},
				"east": {"uv": [8, 10, 9, 16], "texture": "#0"},
				"south": {"uv": [6, 10, 9, 16], "texture": "#0"},
				"west": {"uv": [6, 10, 7, 16], "texture": "#0"},
				"up": {"uv": [6, 10, 9, 11], "texture": "#0"},
				"down": {"uv": [6, 15, 9, 16], "texture": "#0"}
			}
		},
		{
			"name": "item_stand_4",
			"from": [5, 0, 7.5],
			"to": [7, 3, 8.5],
			"faces": {
				"north": {"uv": [6, 13, 4, 16], "texture": "#0"},
				"east": {"uv": [5, 13, 6, 16], "texture": "#0"},
				"south": {"uv": [4, 13, 6, 16], "texture": "#0"},
				"west": {"uv": [4, 13, 5, 16], "texture": "#0"},
				"up": {"uv": [4, 13, 6, 14], "texture": "#0"},
				"down": {"uv": [4, 15, 6, 16], "texture": "#0"}
			}
		},
		{
			"name": "item_stand_5",
			"from": [10, 0, 7.5],
			"to": [12, 3, 8.5],
			"faces": {
				"north": {"uv": [11, 13, 9, 16], "texture": "#0"},
				"east": {"uv": [10, 13, 11, 16], "texture": "#0"},
				"south": {"uv": [9, 13, 11, 16], "texture": "#0"},
				"west": {"uv": [9, 13, 10, 16], "texture": "#0"},
				"up": {"uv": [9, 13, 11, 14], "texture": "#0"},
				"down": {"uv": [9, 15, 11, 16], "texture": "#0"}
			}
		},
		{
			"name": "item_stand_6",
			"from": [4, 1, 7.5],
			"to": [5, 2, 8.5],
			"faces": {
				"north": {"uv": [4, 14, 3, 15], "texture": "#0"},
				"east": {"uv": [3, 14, 4, 15], "texture": "#0"},
				"south": {"uv": [3, 14, 4, 15], "texture": "#0"},
				"west": {"uv": [3, 14, 4, 15], "texture": "#0"},
				"up": {"uv": [3, 14, 4, 15], "texture": "#0"},
				"down": {"uv": [3, 14, 4, 15], "texture": "#0"}
			}
		},
		{
			"name": "item_stand_7",
			"from": [12, 1, 7.5],
			"to": [13, 2, 8.5],
			"faces": {
				"north": {"uv": [12, 14, 11, 15], "texture": "#0"},
				"east": {"uv": [11, 14, 12, 15], "texture": "#0"},
				"south": {"uv": [11, 14, 12, 15], "texture": "#0"},
				"west": {"uv": [11, 14, 12, 15], "texture": "#0"},
				"up": {"uv": [11, 14, 12, 15], "texture": "#0"},
				"down": {"uv": [11, 14, 12, 15], "texture": "#0"}
			}
		}
	],
	"gui_light": "front",
	"display": {
		"thirdperson_righthand": {
			"translation": [0, 4.5, 1],
			"scale": [0.55, 0.55, 0.55]
		},
		"thirdperson_lefthand": {
			"translation": [-0.25, 4.5, 1],
			"scale": [0.55, 0.55, 0.55]
		},
		"firstperson_righthand": {
			"rotation": [0, -90, 25],
			"translation": [-0.12, 4.7, 1.13],
			"scale": [0.68, 0.68, 0.68]
		},
		"firstperson_lefthand": {
			"rotation": [0, -90, 25],
			"translation": [0.63, 4.95, 1.13],
			"scale": [0.68, 0.68, 0.68]
		},
		"ground": {
			"translation": [0, 1, 0],
			"scale": [0.5, 0.5, 0.5]
		},
		"gui": {
			"translation": [-1, 0, 0]
		},
		"head": {
			"translation": [0.5, 3.25, 0.75]
		},
		"fixed": {
			"translation": [0, 3, -0.25]
		}
	},
	"groups": [
		{
			"name": "item_stand",
			"origin": [8, 8, 8],
			"color": 0,
			"children": [0, 1, 2, 3, 4, 5, 6, 7]
		}
	]
}