{
	"credit": "Made with Blockbench",
	"texture_size": [32, 32],
	"textures": {
		"0": "block/item_stand_wood",
		"1": "block/item_stand_stone",
		"2": "block/item_stand_stone_boka",
		"particle": "block/item_stand_wood"
	},
	"elements": [
		{
			"from": [3, 0, 3],
			"to": [13, 0.5, 13],
			"faces": {
				"north": {"uv": [7, 0, 8, 16], "rotation": 270, "texture": "#2"},
				"east": {"uv": [6, 0, 7, 16], "rotation": 90, "texture": "#2"},
				"south": {"uv": [7, 0, 8, 16], "rotation": 90, "texture": "#2"},
				"west": {"uv": [6, 0, 7, 16], "rotation": 90, "texture": "#2"},
				"down": {"uv": [0, 0, 16, 16], "texture": "#1"}
			}
		},
		{
			"from": [3, 0.5, 3],
			"to": [13, 1, 13],
			"faces": {
				"north": {"uv": [6, 0, 7, 16], "rotation": 90, "texture": "#2"},
				"east": {"uv": [7, 0, 8, 16], "rotation": 90, "texture": "#2"},
				"south": {"uv": [6, 0, 7, 16], "rotation": 90, "texture": "#2"},
				"west": {"uv": [7, 0, 8, 16], "rotation": 90, "texture": "#2"},
				"up": {"uv": [0, 0, 16, 16], "texture": "#1"}
			}
		},
		{
			"from": [7.25, 1, 7.25],
			"to": [8.75, 4, 8.75],
			"faces": {
				"north": {"uv": [10, 0, 12, 4], "texture": "#0"},
				"east": {"uv": [10, 0, 12, 4], "texture": "#0"},
				"south": {"uv": [10, 0, 12, 4], "texture": "#0"},
				"west": {"uv": [10, 0, 12, 4], "texture": "#0"}
			}
		},
		{
			"from": [4.1, 4, 7],
			"to": [11.9, 6, 9],
			"faces": {
				"north": {"uv": [5, 0, 8, 10.9], "rotation": 270, "texture": "#0"},
				"east": {"uv": [13, 8, 16, 11], "rotation": 90, "texture": "#0"},
				"south": {"uv": [5, 0, 8, 10.9], "rotation": 90, "texture": "#0"},
				"west": {"uv": [0, 4, 3, 7], "texture": "#0"},
				"up": {"uv": [5, 0, 8, 10.9], "rotation": 90, "texture": "#0"},
				"down": {"uv": [5, 0, 8, 10.9], "rotation": 90, "texture": "#0"}
			}
		}
	],
	"display": {
		"thirdperson_righthand": {
			"rotation": [14, 26, 12],
			"translation": [-0.25, 6, 0],
			"scale": [0.52, 0.52, 0.52]
		},
		"firstperson_righthand": {
			"rotation": [19, -19, 25],
			"translation": [-2.25, 5.75, -0.5],
			"scale": [0.75, 0.75, 0.75]
		},
		"gui": {
			"rotation": [25, -45, 0],
			"translation": [0, 5.25, 0]
		},
		"fixed": {
			"rotation": [-90, 0, 0],
			"translation": [0, 0, -16],
			"scale": [2, 2, 2]
		}
	},
	"groups": [
		0,
		1,
		2,
		3,
		{
			"name": "item_stand_wood",
			"origin": [8, 8, 8],
			"color": 0,
			"children": []
		}
	]
}