{
	"parent": "item/generated",
	"textures": {
		"layer0": "item/barrier"
	},
	"overrides": [
		{ "predicate": {"custom_model_data": 13790001}, "model": "item/item/invisible"},
		{ "predicate": {"custom_model_data": 13790002}, "model": "item/item/rotate"},
		{ "predicate": {"custom_model_data": 13790003}, "model": "item/item/poti"},
		{ "predicate": {"custom_model_data": 13790004}, "model": "item/item/ok"},
		{ "predicate": {"custom_model_data": 13790005}, "model": "item/item/neok"},
		{ "predicate": {"custom_model_data": 13790006}, "model": "item/item/warad"},
		{ "predicate": {"custom_model_data": 13790007}, "model": "item/item/help"},
		{ "predicate": {"custom_model_data": 13790008}, "model": "item/item/banakanim"},
		{ "predicate": {"custom_model_data": 13790009}, "model": "item/item/banakanimcolor"},
		{ "predicate": {"custom_model_data": 13790010}, "model": "item/item/miskaanim"},
		{ "predicate": {"custom_model_data": 13790011}, "model": "item/item/craftgui"},
		{ "predicate": {"custom_model_data": 13790012}, "model": "item/item/craftguiback"},
		{ "predicate": {"custom_model_data": 13790013}, "model": "item/item/craftguinext"},
		{ "predicate": {"custom_model_data": 13790014}, "model": "item/item/craftrecipe"},
		{ "predicate": {"custom_model_data": 13790015}, "model": "item/item/miskaanimgold"},
		{ "predicate": {"custom_model_data": 13790016}, "model": "item/item/miskaanimemerald"},
		{ "predicate": {"custom_model_data": 13790017}, "model": "item/item/miskaanimdiamond"},
		{ "predicate": {"custom_model_data": 13790018}, "model": "item/item/miskaanimnetherite"},
		{ "predicate": {"custom_model_data": 13790019}, "model": "item/item/potioncrystal"},
		{ "predicate": {"custom_model_data": 13790020}, "model": "item/item/potion/apple"},
		{ "predicate": {"custom_model_data": 13790021}, "model": "item/item/potion/glow"},
		{ "predicate": {"custom_model_data": 13790022}, "model": "item/item/potion/carrot"},
		{ "predicate": {"custom_model_data": 13790023}, "model": "item/item/potion/sweet"},
		{ "predicate": {"custom_model_data": 13790024}, "model": "item/item/rogwoda"},
		{ "predicate": {"custom_model_data": 13790025}, "model": "item/item/advansgui"},
		{ "predicate": {"custom_model_data": 13790026}, "model": "item/item/button/lampoff"},
		{ "predicate": {"custom_model_data": 13790027}, "model": "item/item/button/lampon"},
		{ "predicate": {"custom_model_data": 13790028}, "model": "item/item/button/slotback"},
		{ "predicate": {"custom_model_data": 13790029}, "model": "item/item/button/accept"},
		{ "predicate": {"custom_model_data": 13790030}, "model": "item/item/button/remove"},
		{ "predicate": {"custom_model_data": 13790031}, "model": "item/item/button/advans"},
		{ "predicate": {"custom_model_data": 13790032}, "model": "item/item/button/invisible_gear"},
		{ "predicate": {"custom_model_data": 13790033}, "model": "item/item/pukaetitem"},
		{ "predicate": {"custom_model_data": 13790034}, "model": "item/item/pompa"},
		{ "predicate": {"custom_model_data": 13790035}, "model": "item/item/yskor"},
		{ "predicate": {"custom_model_data": 13790036}, "model": "item/item/button/moreinfo"},
		{ "predicate": {"custom_model_data": 13790037}, "model": "item/item/iron_gear"},
		{ "predicate": {"custom_model_data": 13790038}, "model": "item/item/gold_gear"},
		{ "predicate": {"custom_model_data": 13790039}, "model": "item/item/diamond_gear"},
		{ "predicate": {"custom_model_data": 13790040}, "model": "item/item/netherite_gear"},
		{ "predicate": {"custom_model_data": 13790041}, "model": "item/item/chawka"},
		{ "predicate": {"custom_model_data": 13790042}, "model": "item/item/bowl/water_copper_bowl"},
		{ "predicate": {"custom_model_data": 13790043}, "model": "item/item/bowl/water_golden_bowl"},
		{ "predicate": {"custom_model_data": 13790044}, "model": "item/item/bowl/water_emerald_bowl"},
		{ "predicate": {"custom_model_data": 13790045}, "model": "item/item/bowl/water_diamond_bowl"},
		{ "predicate": {"custom_model_data": 13790046}, "model": "item/item/bowl/water_netherite_bowl"},
		{ "predicate": {"custom_model_data": 13790047}, "model": "item/item/jump_speed_adv"},
		{ "predicate": {"custom_model_data": 13790048}, "model": "item/item/underwater_poison"},
		{ "predicate": {"custom_model_data": 13790049}, "model": "item/item/button/lock_off"},
		{ "predicate": {"custom_model_data": 13790050}, "model": "item/item/button/lock_on"},
		{ "predicate": {"custom_model_data": 13790051}, "model": "item/item/error_water"},
		{ "predicate": {"custom_model_data": 13790052}, "model": "item/item/error_dust"},
		{ "predicate": {"custom_model_data": 13790053}, "model": "item/item/antena"},
		{ "predicate": {"custom_model_data": 13790054}, "model": "item/item/potion/farmerdelight/adwpng"},
		{ "predicate": {"custom_model_data": 13790055}, "model": "item/item/potion/farmerdelight/cactus"},
		{ "predicate": {"custom_model_data": 13790056}, "model": "item/item/potion/farmerdelight/horus"},
		{ "predicate": {"custom_model_data": 13790057}, "model": "item/item/potion/farmerdelight/blaze"},
		{ "predicate": {"custom_model_data": 13790058}, "model": "item/item/potion/farmerdelight/cacao"},
		{ "predicate": {"custom_model_data": 13790059}, "model": "item/item/craftguie"},
		{ "predicate": {"custom_model_data": 13790060}, "model": "item/item/extrarobota"},
		{ "predicate": {"custom_model_data": 13790061}, "model": "item/item/extrainvis"},
		{ "predicate": {"custom_model_data": 13790062}, "model": "item/item/potion/farmerdelight/pear"},
		{ "predicate": {"custom_model_data": 13790063}, "model": "item/item/potion/farmerdelight/banana"},
		{ "predicate": {"custom_model_data": 13790064}, "model": "item/item/advitemstand"},
		{ "predicate": {"custom_model_data": 13790100}, "model": "item/item/water/water0"},
		{ "predicate": {"custom_model_data": 13790101}, "model": "item/item/water/water1"},
		{ "predicate": {"custom_model_data": 13790102}, "model": "item/item/water/water2"},
		{ "predicate": {"custom_model_data": 13790103}, "model": "item/item/water/water3"},
		{ "predicate": {"custom_model_data": 13790104}, "model": "item/item/water/water4"},
		{ "predicate": {"custom_model_data": 13790105}, "model": "item/item/water/water5"},
		{ "predicate": {"custom_model_data": 13790106}, "model": "item/item/water/water6"},
		{ "predicate": {"custom_model_data": 13790107}, "model": "item/item/water/water7"},
		{ "predicate": {"custom_model_data": 13790108}, "model": "item/item/water/water8"},
		{ "predicate": {"custom_model_data": 13790109}, "model": "item/item/water/water0w"},
		{ "predicate": {"custom_model_data": 13790200}, "model": "item/item/progress/progress0"},
		{ "predicate": {"custom_model_data": 13790201}, "model": "item/item/progress/progress1"},
		{ "predicate": {"custom_model_data": 13790202}, "model": "item/item/progress/progress2"},
		{ "predicate": {"custom_model_data": 13790203}, "model": "item/item/progress/progress3"},
		{ "predicate": {"custom_model_data": 13790204}, "model": "item/item/progress/progress4"},
		{ "predicate": {"custom_model_data": 13790205}, "model": "item/item/progress/progress5"},
		{ "predicate": {"custom_model_data": 13790206}, "model": "item/item/progress/progress6"},
		{ "predicate": {"custom_model_data": 13790207}, "model": "item/item/progress/progress7"},
		{ "predicate": {"custom_model_data": 13790208}, "model": "item/item/progress/progress8"}
	]
}