{
	"parent": "item/handheld_rod",
	"textures": {
		"layer0": "item/carrot_on_a_stick"
	},
	"overrides": [
		{ "predicate": {"custom_model_data": 13790001}, "model": "item/item/chawka"},
		{ "predicate": {"custom_model_data": 13790002}, "model": "item/item/chawkapusto"},
		{ "predicate": {"custom_model_data": 13790003}, "model": "item/item/bowl/copper_bowl"},
		{ "predicate": {"custom_model_data": 13790004}, "model": "item/item/bowl/water_copper_bowl"},
		{ "predicate": {"custom_model_data": 13790005}, "model": "item/item/bowl/golden_bowl"},
		{ "predicate": {"custom_model_data": 13790006}, "model": "item/item/bowl/water_golden_bowl"},
		{ "predicate": {"custom_model_data": 13790007}, "model": "item/item/bowl/emerald_bowl"},
		{ "predicate": {"custom_model_data": 13790008}, "model": "item/item/bowl/water_emerald_bowl"},
		{ "predicate": {"custom_model_data": 13790009}, "model": "item/item/bowl/diamond_bowl"},
		{ "predicate": {"custom_model_data": 13790010}, "model": "item/item/bowl/water_diamond_bowl"},
		{ "predicate": {"custom_model_data": 13790011}, "model": "item/item/chawka/chawka1"},
		{ "predicate": {"custom_model_data": 13790012}, "model": "item/item/chawka/chawka2"},
		{ "predicate": {"custom_model_data": 13790013}, "model": "item/item/chawka/chawka3"},
		{ "predicate": {"custom_model_data": 13790014}, "model": "item/item/chawka/chawka4"},
		{ "predicate": {"custom_model_data": 13790015}, "model": "item/item/chawka/chawka5"},
		{ "predicate": {"custom_model_data": 13790016}, "model": "item/item/chawka/chawka6"},
		{ "predicate": {"custom_model_data": 13790017}, "model": "item/item/chawka/chawka7"},
		{ "predicate": {"custom_model_data": 13790018}, "model": "item/item/bowl/netherite_bowl"},
		{ "predicate": {"custom_model_data": 13790019}, "model": "item/item/bowl/water_netherite_bowl"},
		{ "predicate": {"custom_model_data": 13790020}, "model": "item/item/mewok"},
		{ "predicate": {"custom_model_data": 13790021}, "model": "item/item/rog"},
		{ "predicate": {"custom_model_data": 13790022}, "model": "item/item/rogwoda"},
		{ "predicate": {"custom_model_data": 13790023}, "model": "item/item/bungle/amet_b"},
		{ "predicate": {"custom_model_data": 13790024}, "model": "item/item/bungle/red_b"},
		{ "predicate": {"custom_model_data": 13790025}, "model": "item/item/bungle/orange_b"},
		{ "predicate": {"custom_model_data": 13790026}, "model": "item/item/bungle/yellow_b"},
		{ "predicate": {"custom_model_data": 13790027}, "model": "item/item/bungle/green_b"},
		{ "predicate": {"custom_model_data": 13790028}, "model": "item/item/bungle/coal_b"}
	]
}