{
	"parent": "item/generated",
	"textures": {
        "layer0": "item/firework_star",
		"layer1": "item/firework_star_overlay"
	},
	"overrides": [
		{ "predicate": {"custom_model_data": 13790001}, "model": "item/block/watercoll0"},
		{ "predicate": {"custom_model_data": 13790002}, "model": "item/block/watercoll1"},
		{ "predicate": {"custom_model_data": 13790003}, "model": "item/block/watercoll2"},
		{ "predicate": {"custom_model_data": 13790004}, "model": "item/block/watercoll3"}
	]
}