{
	"parent": "item/generated",
	"textures": {
		"layer0": "item/iron_nugget"
	},
	"overrides": [
		{ "predicate": {"custom_model_data": 13790001}, "model": "item/block/watercatcher"},
		{ "predicate": {"custom_model_data": 13790002}, "model": "item/block/watercatcher1"},
		{ "predicate": {"custom_model_data": 13790003}, "model": "item/block/watercatcher2"},
		{ "predicate": {"custom_model_data": 13790004}, "model": "item/block/watercatcher3"},
		{ "predicate": {"custom_model_data": 13790005}, "model": "item/block/watercatcher4"},
		{ "predicate": {"custom_model_data": 13790006}, "model": "item/item/pukaetitem"},
		{ "predicate": {"custom_model_data": 13790007}, "model": "item/item/yskor"},
		{ "predicate": {"custom_model_data": 13790008}, "model": "item/block/watercatcherdroper"},
		{ "predicate": {"custom_model_data": 13790009}, "model": "item/item/pompa"},
		{ "predicate": {"custom_model_data": 13790010}, "model": "item/item/ddd"},
		{ "predicate": {"custom_model_data": 13790011}, "model": "item/item/craftrecipe"},
		{ "predicate": {"custom_model_data": 13790012}, "model": "item/item/jar_item"},
		{ "predicate": {"custom_model_data": 13790013}, "model": "item/item/gold_gear"},
		{ "predicate": {"custom_model_data": 13790014}, "model": "item/item/netherite_gear"},
		{ "predicate": {"custom_model_data": 13790015}, "model": "item/item/diamond_gear"},
		{ "predicate": {"custom_model_data": 13790016}, "model": "item/item/iron_gear"},
		{ "predicate": {"custom_model_data": 13790017}, "model": "item/item/dust_help"},
		{ "predicate": {"custom_model_data": 13790018}, "model": "item/item/autoclick"},
		{ "predicate": {"custom_model_data": 13790019}, "model": "item/block/extractor"},
		{ "predicate": {"custom_model_data": 13790020}, "model": "item/block/raincolector"},
		{ "predicate": {"custom_model_data": 13790100}, "model": "item/item/water/water0"},
		{ "predicate": {"custom_model_data": 13790101}, "model": "item/item/water/water1"},
		{ "predicate": {"custom_model_data": 13790102}, "model": "item/item/water/water2"},
		{ "predicate": {"custom_model_data": 13790103}, "model": "item/item/water/water3"},
		{ "predicate": {"custom_model_data": 13790104}, "model": "item/item/water/water4"},
		{ "predicate": {"custom_model_data": 13790105}, "model": "item/item/water/water5"},
		{ "predicate": {"custom_model_data": 13790106}, "model": "item/item/water/water6"},
		{ "predicate": {"custom_model_data": 13790107}, "model": "item/item/water/water7"},
		{ "predicate": {"custom_model_data": 13790108}, "model": "item/item/water/water8"}
	]
}