{
	"parent": "item/generated",
	"textures": {
        "layer0": "item/potion_overlay",
        "layer1": "item/potion"
	},
	"overrides": [
		{ "predicate": {"custom_model_data": 13790001}, "model": "item/item/potion/farmerdelight/sweet"},
		{ "predicate": {"custom_model_data": 13790002}, "model": "item/item/potion/farmerdelight/carrot"},
		{ "predicate": {"custom_model_data": 13790003}, "model": "item/item/potion/farmerdelight/glowberr"},
		{ "predicate": {"custom_model_data": 13790004}, "model": "item/item/potion/farmerdelight/apple"},
		{ "predicate": {"custom_model_data": 13790005}, "model": "item/item/potion/farmerdelight/crystal"},
		{ "predicate": {"custom_model_data": 13790006}, "model": "item/item/potion/farmerdelight/horus"},
		{ "predicate": {"custom_model_data": 13790007}, "model": "item/item/potion/farmerdelight/blaze"},
		{ "predicate": {"custom_model_data": 13790008}, "model": "item/item/potion/farmerdelight/cactus"},
		{ "predicate": {"custom_model_data": 13790009}, "model": "item/item/potion/farmerdelight/cacao"},
		{ "predicate": {"custom_model_data": 13790010}, "model": "item/item/potion/farmerdelight/banana"},
		{ "predicate": {"custom_model_data": 13790011}, "model": "item/item/potion/farmerdelight/pear"},
		{ "predicate": {"custom_model_data": 13790012}, "model": "item/item/potion/clearwater"}
	]
}

