{
	"parent": "item/generated",
	"textures": {
		"layer0": "item/sugar"
	},
	"overrides": [
		{ "predicate": {"custom_model_data": 13790001}, "model": "item/item/dust/filterdust"},
		{ "predicate": {"custom_model_data": 13790002}, "model": "item/item/dust/coaldust"},
		{ "predicate": {"custom_model_data": 13790003}, "model": "item/item/dust/apple"},
		{ "predicate": {"custom_model_data": 13790004}, "model": "item/item/dust/carrot"},
		{ "predicate": {"custom_model_data": 13790005}, "model": "item/item/dust/glow_berries"},
		{ "predicate": {"custom_model_data": 13790006}, "model": "item/item/dust/sweet_berries"},
		{ "predicate": {"custom_model_data": 13790007}, "model": "item/item/dust/golden_dust"},
		{ "predicate": {"custom_model_data": 13790008}, "model": "item/item/dust/horus_dust"},
		{ "predicate": {"custom_model_data": 13790009}, "model": "item/item/dust/cactus_dust"},
		{ "predicate": {"custom_model_data": 13790010}, "model": "item/item/dust/blaze_dust"},
		{ "predicate": {"custom_model_data": 13790011}, "model": "item/item/dust/cacao_dust"},
		{ "predicate": {"custom_model_data": 13790012}, "model": "item/item/dust/pear_dust"},
		{ "predicate": {"custom_model_data": 13790013}, "model": "item/item/dust/banana_dust"}
	]
}