{
  "parent": "minecraft:item/handheld_rod",
  "textures": {
    "layer0": "minecraft:item/warped_fungus_on_a_stick"
  },
	"overrides": [
{ "predicate": {"custom_model_data": 29999}, "model": "m3vtg:empty"},
{ "predicate": {"custom_model_data": 33000}, "model": "m3vtg:cards/hearts/2"},
{ "predicate": {"custom_model_data": 33001}, "model": "m3vtg:cards/hearts/3"},
{ "predicate": {"custom_model_data": 33002}, "model": "m3vtg:cards/hearts/4"},
{ "predicate": {"custom_model_data": 33003}, "model": "m3vtg:cards/hearts/5"},
{ "predicate": {"custom_model_data": 33004}, "model": "m3vtg:cards/hearts/6"},
{ "predicate": {"custom_model_data": 33005}, "model": "m3vtg:cards/hearts/7"},
{ "predicate": {"custom_model_data": 33006}, "model": "m3vtg:cards/hearts/8"},
{ "predicate": {"custom_model_data": 33007}, "model": "m3vtg:cards/hearts/9"},
{ "predicate": {"custom_model_data": 33008}, "model": "m3vtg:cards/hearts/10"},
{ "predicate": {"custom_model_data": 33009}, "model": "m3vtg:cards/hearts/j"},
{ "predicate": {"custom_model_data": 33010}, "model": "m3vtg:cards/hearts/q"},
{ "predicate": {"custom_model_data": 33011}, "model": "m3vtg:cards/hearts/k"},
{ "predicate": {"custom_model_data": 33013}, "model": "m3vtg:cards/hearts/a"},

{ "predicate": {"custom_model_data": 33020}, "model": "m3vtg:cards/black_hearts/2"},
{ "predicate": {"custom_model_data": 33021}, "model": "m3vtg:cards/black_hearts/3"},
{ "predicate": {"custom_model_data": 33022}, "model": "m3vtg:cards/black_hearts/4"},
{ "predicate": {"custom_model_data": 33023}, "model": "m3vtg:cards/black_hearts/5"},
{ "predicate": {"custom_model_data": 33024}, "model": "m3vtg:cards/black_hearts/6"},
{ "predicate": {"custom_model_data": 33025}, "model": "m3vtg:cards/black_hearts/7"},
{ "predicate": {"custom_model_data": 33026}, "model": "m3vtg:cards/black_hearts/8"},
{ "predicate": {"custom_model_data": 33027}, "model": "m3vtg:cards/black_hearts/9"},
{ "predicate": {"custom_model_data": 33028}, "model": "m3vtg:cards/black_hearts/10"},
{ "predicate": {"custom_model_data": 33029}, "model": "m3vtg:cards/black_hearts/j"},
{ "predicate": {"custom_model_data": 33030}, "model": "m3vtg:cards/black_hearts/q"},
{ "predicate": {"custom_model_data": 33031}, "model": "m3vtg:cards/black_hearts/k"},
{ "predicate": {"custom_model_data": 33033}, "model": "m3vtg:cards/black_hearts/a"},

{ "predicate": {"custom_model_data": 33040}, "model": "m3vtg:cards/cross/2"},
{ "predicate": {"custom_model_data": 33041}, "model": "m3vtg:cards/cross/3"},
{ "predicate": {"custom_model_data": 33042}, "model": "m3vtg:cards/cross/4"},
{ "predicate": {"custom_model_data": 33043}, "model": "m3vtg:cards/cross/5"},
{ "predicate": {"custom_model_data": 33044}, "model": "m3vtg:cards/cross/6"},
{ "predicate": {"custom_model_data": 33045}, "model": "m3vtg:cards/cross/7"},
{ "predicate": {"custom_model_data": 33046}, "model": "m3vtg:cards/cross/8"},
{ "predicate": {"custom_model_data": 33047}, "model": "m3vtg:cards/cross/9"},
{ "predicate": {"custom_model_data": 33048}, "model": "m3vtg:cards/cross/10"},
{ "predicate": {"custom_model_data": 33049}, "model": "m3vtg:cards/cross/j"},
{ "predicate": {"custom_model_data": 33050}, "model": "m3vtg:cards/cross/q"},
{ "predicate": {"custom_model_data": 33051}, "model": "m3vtg:cards/cross/k"},
{ "predicate": {"custom_model_data": 33053}, "model": "m3vtg:cards/cross/a"},

{ "predicate": {"custom_model_data": 33060}, "model": "m3vtg:cards/bub/2"},
{ "predicate": {"custom_model_data": 33061}, "model": "m3vtg:cards/bub/3"},
{ "predicate": {"custom_model_data": 33062}, "model": "m3vtg:cards/bub/4"},
{ "predicate": {"custom_model_data": 33063}, "model": "m3vtg:cards/bub/5"},
{ "predicate": {"custom_model_data": 33064}, "model": "m3vtg:cards/bub/6"},
{ "predicate": {"custom_model_data": 33065}, "model": "m3vtg:cards/bub/7"},
{ "predicate": {"custom_model_data": 33066}, "model": "m3vtg:cards/bub/8"},
{ "predicate": {"custom_model_data": 33067}, "model": "m3vtg:cards/bub/9"},
{ "predicate": {"custom_model_data": 33068}, "model": "m3vtg:cards/bub/10"},
{ "predicate": {"custom_model_data": 33069}, "model": "m3vtg:cards/bub/j"},
{ "predicate": {"custom_model_data": 33070}, "model": "m3vtg:cards/bub/q"},
{ "predicate": {"custom_model_data": 33071}, "model": "m3vtg:cards/bub/k"},
{ "predicate": {"custom_model_data": 33073}, "model": "m3vtg:cards/bub/a"},

{ "predicate": {"custom_model_data": 33075}, "model": "m3vtg:cards/unknow"},

{ "predicate": {"custom_model_data": 33080}, "model": "m3vtg:cards/joker"},

{ "predicate": {"custom_model_data": 33100}, "model": "m3vtg:bundles/cards"},
{ "predicate": {"custom_model_data": 33101}, "model": "m3vtg:bundles/domino"},
{ "predicate": {"custom_model_data": 33102}, "model": "m3vtg:bundles/chess"},
{ "predicate": {"custom_model_data": 33103}, "model": "m3vtg:bundles/checkers"},

{ "predicate": {"custom_model_data": 33200}, "model": "m3vtg:checkers/white"},
{ "predicate": {"custom_model_data": 33201}, "model": "m3vtg:checkers/white_k"},
{ "predicate": {"custom_model_data": 33202}, "model": "m3vtg:checkers/black"},
{ "predicate": {"custom_model_data": 33203}, "model": "m3vtg:checkers/black_k"},

{ "predicate": {"custom_model_data": 33210}, "model": "m3vtg:chess/1"},
{ "predicate": {"custom_model_data": 33211}, "model": "m3vtg:chess/1b"},
{ "predicate": {"custom_model_data": 33212}, "model": "m3vtg:chess/2"},
{ "predicate": {"custom_model_data": 33213}, "model": "m3vtg:chess/2b"},
{ "predicate": {"custom_model_data": 33214}, "model": "m3vtg:chess/3"},
{ "predicate": {"custom_model_data": 33215}, "model": "m3vtg:chess/3b"},
{ "predicate": {"custom_model_data": 33216}, "model": "m3vtg:chess/4"},
{ "predicate": {"custom_model_data": 33217}, "model": "m3vtg:chess/4b"},
{ "predicate": {"custom_model_data": 33218}, "model": "m3vtg:chess/5"},
{ "predicate": {"custom_model_data": 33219}, "model": "m3vtg:chess/5b"},
{ "predicate": {"custom_model_data": 33220}, "model": "m3vtg:chess/6"},
{ "predicate": {"custom_model_data": 33221}, "model": "m3vtg:chess/7"},

{ "predicate": {"custom_model_data": 33230}, "model": "m3vtg:board"},

{ "predicate": {"custom_model_data": 33300}, "model": "m3vtg:domino/00"},
{ "predicate": {"custom_model_data": 33301}, "model": "m3vtg:domino/10"},
{ "predicate": {"custom_model_data": 33302}, "model": "m3vtg:domino/20"},
{ "predicate": {"custom_model_data": 33303}, "model": "m3vtg:domino/30"},
{ "predicate": {"custom_model_data": 33304}, "model": "m3vtg:domino/40"},
{ "predicate": {"custom_model_data": 33305}, "model": "m3vtg:domino/50"},
{ "predicate": {"custom_model_data": 33306}, "model": "m3vtg:domino/60"},
{ "predicate": {"custom_model_data": 33307}, "model": "m3vtg:domino/11"},
{ "predicate": {"custom_model_data": 33308}, "model": "m3vtg:domino/12"},
{ "predicate": {"custom_model_data": 33309}, "model": "m3vtg:domino/13"},
{ "predicate": {"custom_model_data": 33310}, "model": "m3vtg:domino/14"},
{ "predicate": {"custom_model_data": 33311}, "model": "m3vtg:domino/15"},
{ "predicate": {"custom_model_data": 33312}, "model": "m3vtg:domino/16"},
{ "predicate": {"custom_model_data": 33313}, "model": "m3vtg:domino/22"},
{ "predicate": {"custom_model_data": 33314}, "model": "m3vtg:domino/23"},
{ "predicate": {"custom_model_data": 33315}, "model": "m3vtg:domino/24"},
{ "predicate": {"custom_model_data": 33316}, "model": "m3vtg:domino/25"},
{ "predicate": {"custom_model_data": 33317}, "model": "m3vtg:domino/26"},
{ "predicate": {"custom_model_data": 33318}, "model": "m3vtg:domino/33"},
{ "predicate": {"custom_model_data": 33319}, "model": "m3vtg:domino/34"},
{ "predicate": {"custom_model_data": 33320}, "model": "m3vtg:domino/35"},
{ "predicate": {"custom_model_data": 33321}, "model": "m3vtg:domino/36"},
{ "predicate": {"custom_model_data": 33322}, "model": "m3vtg:domino/44"},
{ "predicate": {"custom_model_data": 33323}, "model": "m3vtg:domino/45"},
{ "predicate": {"custom_model_data": 33324}, "model": "m3vtg:domino/46"},
{ "predicate": {"custom_model_data": 33325}, "model": "m3vtg:domino/55"},
{ "predicate": {"custom_model_data": 33326}, "model": "m3vtg:domino/56"},
{ "predicate": {"custom_model_data": 33327}, "model": "m3vtg:domino/66"},

{ "predicate": {"custom_model_data": 33400}, "model": "m3vtg:cube/1"},
{ "predicate": {"custom_model_data": 33401}, "model": "m3vtg:cube/2"},
{ "predicate": {"custom_model_data": 33402}, "model": "m3vtg:cube/3"},
{ "predicate": {"custom_model_data": 33403}, "model": "m3vtg:cube/4"},
{ "predicate": {"custom_model_data": 33404}, "model": "m3vtg:cube/5"},
{ "predicate": {"custom_model_data": 33405}, "model": "m3vtg:cube/6"},

{ "predicate": {"custom_model_data": 33700}, "model": "m3vtg:bundles/chips/any"},
{ "predicate": {"custom_model_data": 33701}, "model": "m3vtg:bundles/chips/w"},
{ "predicate": {"custom_model_data": 33702}, "model": "m3vtg:bundles/chips/r"},
{ "predicate": {"custom_model_data": 33703}, "model": "m3vtg:bundles/chips/blue"},
{ "predicate": {"custom_model_data": 33704}, "model": "m3vtg:bundles/chips/g"},
{ "predicate": {"custom_model_data": 33705}, "model": "m3vtg:bundles/chips/b"},
{ "predicate": {"custom_model_data": 33706}, "model": "m3vtg:bundles/chips/p"},
{ "predicate": {"custom_model_data": 33707}, "model": "m3vtg:bundles/chips/o"},

{ "predicate": {"custom_model_data": 33771}, "model": "m3vtg:poker/w"},
{ "predicate": {"custom_model_data": 33772}, "model": "m3vtg:poker/r"},
{ "predicate": {"custom_model_data": 33773}, "model": "m3vtg:poker/bl"},
{ "predicate": {"custom_model_data": 33774}, "model": "m3vtg:poker/g"},
{ "predicate": {"custom_model_data": 33775}, "model": "m3vtg:poker/b"},
{ "predicate": {"custom_model_data": 33776}, "model": "m3vtg:poker/p"},
{ "predicate": {"custom_model_data": 33777}, "model": "m3vtg:poker/o"},

{ "predicate": {"custom_model_data": 33800}, "model": "m3vtg:gui/add"},
{ "predicate": {"custom_model_data": 33801}, "model": "m3vtg:gui/key"}
]
}