{
	"credit": "Made with Blockbench",
	"textures": {
		"2": "block/water_catcher_down",
		"3": "block/water_catcher_top",
		"5": "block/water_catcher_wall",
		"7": "block/water_catcher_wall2_1",
		"particle": "block/water_catcher_down"
	},
	"elements": [
		{
			"from": [0, 0, 8.05],
			"to": [16, 16, 24.05],
			"faces": {
				"north": {"uv": [0, 0, 16, 16], "texture": "#7"},
				"east": {"uv": [0, 0, 16, 16], "texture": "#5"},
				"south": {"uv": [0, 0, 16, 16], "texture": "#5"},
				"west": {"uv": [0, 0, 16, 16], "texture": "#5"},
				"up": {"uv": [0, 0, 16, 16], "texture": "#3"},
				"down": {"uv": [0, 0, 16, 16], "texture": "#2"}
			}
		}
	],
	"display": {
		"thirdperson_righthand": {
			"rotation": [75, 45, 0],
			"translation": [-2.25, 5, -0.5],
			"scale": [0.4, 0.4, 0.4]
		},
		"thirdperson_lefthand": {
			"rotation": [75, 45, 0],
			"translation": [-2.25, 5, -0.5],
			"scale": [0.4, 0.4, 0.4]
		},
		"firstperson_righthand": {
			"rotation": [0, 135, 0],
			"translation": [-1.8, -0.25, 2],
			"scale": [0.4, 0.4, 0.4]
		},
		"firstperson_lefthand": {
			"rotation": [0, 135, 0],
			"translation": [-1.8, -0.25, 2],
			"scale": [0.4, 0.4, 0.4]
		},
		"ground": {
			"translation": [0, 0, -2],
			"scale": [0.25, 0.25, 0.25]
		},
		"gui": {
			"rotation": [27, -135, 0],
			"translation": [3.75, -1.75, 0],
			"scale": [0.64, 0.64, 0.64]
		},
		"head": {
			"translation": [0, -30.5, 0],
			"scale": [1.61, 1.61, 1.61]
		},
		"fixed": {
			"translation": [0, 0, -4],
			"scale": [0.5, 0.5, 0.5]
		}
	}
}