{
	"credit": "Made with Blockbench",
	"ambientocclusion": false,
	"textures": {
		"4": "block/watercoll3",
		"5": "block/watercoll1",
		"6": "block/watercoll2",
		"7": "block/watercoll7",
		"top": "block/watercoll6",
		"particle": "block/watercoll5",
		"side": "block/watercoll5",
		"inside": "block/watercoll4"
	},
	"elements": [
		{
			"from": [1, 3, 1],
			"to": [2, 16, 15],
			"faces": {
				"east": {"uv": [1, 0, 15, 13], "texture": "#side"},
				"up": {"uv": [1, 1, 2, 15], "texture": "#top", "cullface": "up"}
			}
		},
		{
			"from": [2, 12, 2],
			"to": [14, 12, 14],
			"faces": {
				"up": {"uv": [1, 1, 15, 15], "texture": "#7", "tintindex": 1}
			}
		},
		{
			"from": [14, 3, 1],
			"to": [15, 16, 15],
			"faces": {
				"west": {"uv": [1, 0, 15, 13], "texture": "#side"},
				"up": {"uv": [14, 1, 15, 15], "texture": "#top", "cullface": "up"}
			}
		},
		{
			"from": [2, 3, 1],
			"to": [14, 16, 2],
			"faces": {
				"south": {"uv": [2, 0, 14, 13], "texture": "#side"},
				"up": {"uv": [2, 1, 14, 2], "texture": "#top", "cullface": "up"}
			}
		},
		{
			"from": [2, 3, 14],
			"to": [14, 16, 15],
			"faces": {
				"north": {"uv": [2, 0, 14, 13], "texture": "#side"},
				"up": {"uv": [2, 14, 14, 15], "texture": "#top", "cullface": "up"}
			}
		},
		{
			"from": [0, 0, 0],
			"to": [16, 16, 1],
			"faces": {
				"north": {"uv": [0, 0, 16, 16], "texture": "#6"},
				"east": {"uv": [15, 0, 16, 16], "texture": "#6"},
				"west": {"uv": [0, 0, 1, 16], "texture": "#6"},
				"up": {"uv": [0, 0, 16, 1], "texture": "#4"},
				"down": {"uv": [0, 0, 16, 1], "texture": "#5"}
			}
		},
		{
			"from": [0, 0, 15],
			"to": [16, 16, 16],
			"faces": {
				"east": {"uv": [0, 0, 1, 16], "texture": "#6"},
				"south": {"uv": [0, 0, 16, 16], "texture": "#6"},
				"west": {"uv": [15, 0, 16, 16], "texture": "#6"},
				"up": {"uv": [0, 15, 16, 16], "texture": "#4"},
				"down": {"uv": [0, 15, 16, 16], "texture": "#5"}
			}
		},
		{
			"from": [0, 0, 1],
			"to": [1, 16, 15],
			"faces": {
				"north": {"uv": [0, 0, 1, 16], "texture": "#missing"},
				"south": {"uv": [0, 0, 1, 16], "texture": "#missing"},
				"west": {"uv": [1, 0, 15, 16], "texture": "#6"},
				"up": {"uv": [15, 1, 16, 15], "texture": "#4"},
				"down": {"uv": [15, 1, 16, 15], "texture": "#5"}
			}
		},
		{
			"from": [15, 0, 1],
			"to": [16, 16, 15],
			"faces": {
				"east": {"uv": [1, 0, 15, 16], "texture": "#6"},
				"up": {"uv": [0, 1, 1, 15], "texture": "#4"},
				"down": {"uv": [0, 1, 1, 15], "texture": "#5"}
			}
		},
		{
			"from": [1, 0, 1],
			"to": [15, 3, 15],
			"faces": {
				"up": {"uv": [1, 1, 15, 15], "texture": "#inside"},
				"down": {"uv": [1, 1, 15, 15], "texture": "#5"}
			}
		}
	],
	"display": {
		"thirdperson_righthand": {
			"rotation": [75, 45, 0],
			"translation": [0, 3, 0],
			"scale": [0.38, 0.38, 0.38]
		},
		"thirdperson_lefthand": {
			"rotation": [75, 45, 0],
			"translation": [0, 3, 0],
			"scale": [0.4, 0.4, 0.4]
		},
		"firstperson_righthand": {
			"rotation": [0, 135, 0],
			"scale": [0.4, 0.4, 0.4]
		},
		"firstperson_lefthand": {
			"rotation": [0, 135, 0],
			"scale": [0.4, 0.4, 0.4]
		},
		"ground": {
			"scale": [0.25, 0.25, 0.25]
		},
		"gui": {
			"rotation": [27, -135, 0],
			"scale": [0.64, 0.64, 0.64]
		},
		"head": {
			"translation": [0, -30.5, 0],
			"scale": [1.61, 1.61, 1.61]
		},
		"fixed": {
			"scale": [0.5, 0.5, 0.5]
		}
	}
}