{
	"credit": "Made with Blockbench",
	"textures": {
		"1": "block/water_catcher_droperadv",
		"particle": "block/water_catcher_droperadv"
	},
	"elements": [
		{
			"from": [5, 15.7, 5],
			"to": [6, 16.1, 11],
			"faces": {
				"north": {"uv": [5, 10, 5.5, 11], "rotation": 90, "texture": "#1"},
				"south": {"uv": [5, 10, 5.5, 11], "rotation": 90, "texture": "#1"},
				"west": {"uv": [5, 5, 5.5, 11], "rotation": 90, "texture": "#1"},
				"up": {"uv": [5, 10, 11, 11], "rotation": 90, "texture": "#1"}
			}
		},
		{
			"from": [10, 15.7, 5],
			"to": [11, 16.1, 11],
			"faces": {
				"north": {"uv": [5, 5, 5.5, 6], "rotation": 90, "texture": "#1"},
				"east": {"uv": [5, 5, 5.5, 11], "rotation": 90, "texture": "#1"},
				"south": {"uv": [5, 5, 5.5, 6], "rotation": 90, "texture": "#1"},
				"up": {"uv": [5, 5, 11, 6], "rotation": 90, "texture": "#1"}
			}
		},
		{
			"from": [6, 15.7, 5],
			"to": [10, 16.1, 6],
			"faces": {
				"north": {"uv": [6, 5, 10, 6], "texture": "#1"},
				"up": {"uv": [6, 5, 10, 6], "texture": "#1"}
			}
		},
		{
			"from": [6, 15.7, 10],
			"to": [10, 16.1, 11],
			"faces": {
				"south": {"uv": [6, 5, 10, 6], "texture": "#1"},
				"up": {"uv": [6, 5, 10, 6], "texture": "#1"}
			}
		},
		{
			"from": [6, 16, 6],
			"to": [10, 16.1, 10],
			"faces": {
				"up": {"uv": [6, 6, 10, 10], "texture": "#1"}
			}
		}
	],
	"display": {
		"thirdperson_righthand": {
			"rotation": [90, 0, 0],
			"translation": [-6, -2, -4.25],
			"scale": [1.02, 1.02, 1.02]
		},
		"thirdperson_lefthand": {
			"rotation": [75, 45, 0],
			"translation": [0, 3, 0],
			"scale": [0.4, 0.4, 0.4]
		},
		"firstperson_righthand": {
			"rotation": [0, 135, 0],
			"scale": [0.4, 0.4, 0.4]
		},
		"firstperson_lefthand": {
			"rotation": [0, 135, 0],
			"scale": [0.4, 0.4, 0.4]
		},
		"ground": {
			"scale": [0.25, 0.25, 0.25]
		},
		"gui": {
			"rotation": [27, -135, 0],
			"scale": [0.64, 0.64, 0.64]
		},
		"head": {
			"translation": [0, -30.5, 0],
			"scale": [1.61, 1.61, 1.61]
		},
		"fixed": {
			"scale": [0.5, 0.5, 0.5]
		}
	}
}