{
	"credit": "by 2m3v",
	"parent": "block/block",
	"texture_size": [32, 32],
	"textures": {
		"2": "m3vtg:block/exchanger"
	},
	"elements": [
		{
			"from": [-0.08, -0.08, -0.08],
			"to": [16.08, 8, 16.08],
			"rotation": {"angle": 0, "axis": "y", "origin": [8, 4.04, 8]},
			"faces": {
				"north": {"uv": [8, 12, 16, 16], "texture": "#2"},
				"east": {"uv": [8, 12, 16, 16], "texture": "#2"},
				"south": {"uv": [8, 0, 16, 4], "texture": "#2"},
				"west": {"uv": [8, 12, 16, 16], "texture": "#2"},
				"up": {"uv": [8, 8, 0, 0], "rotation": 180, "texture": "#2"},
				"down": {"uv": [8, 0, 0, 8], "rotation": 180, "texture": "#2"}
			}
		}
	],
	"display": {}
}